horizon,train_rmsle,val_rmsle,train_accuracy,val_accuracy
1,0.2189581060547029,0.22307673849063214,82.03727388438428,81.76101862864914
